<?xml version="1.0" encoding="UTF-8"?>
<project-private xmlns="http://www.netbeans.org/ns/project-private/1">
    <editor-bookmarks xmlns="http://www.netbeans.org/ns/editor-bookmarks/2" lastBookmarkId="0"/>
    <open-files xmlns="http://www.netbeans.org/ns/projectui-open-files/2">
        <group>
            <file>file:/home/imakrp/NetBeansProjects/ciscos/src/com/ciscos/project/frames/CombatMap.java</file>
            <file>file:/home/imakrp/NetBeansProjects/ciscos/src/com/ciscos/project/frames/Creditos.java</file>
            <file>file:/home/imakrp/NetBeansProjects/ciscos/src/com/ciscos/project/frames/Seller.java</file>
            <file>file:/home/imakrp/NetBeansProjects/ciscos/src/com/ciscos/project/Ciscos.java</file>
            <file>file:/home/imakrp/NetBeansProjects/ciscos/src/com/ciscos/project/frames/Principal.java</file>
            <file>file:/home/imakrp/NetBeansProjects/ciscos/src/com/ciscos/project/frames/Loot.java</file>
            <file>file:/home/imakrp/NetBeansProjects/ciscos/src/com/ciscos/project/frames/Combat.java</file>
            <file>file:/home/imakrp/NetBeansProjects/ciscos/src/com/ciscos/project/frames/CharCreation.java</file>
        </group>
    </open-files>
</project-private>
